,ARG,ABW,AUS,AUT,BHS,BHR,BRB,BEL,BMU,BOL,BRA,BGR,CAN,CYM,CHL,HKG,MAC,COL,CRI,CMQ,CYP,CZE,DNK,EGY,EST,FIN,FRA,DEU,GIB,GRC,GGY,HUN,ISL,IND,IDN,IRL,IMN,ISR,ITA,JPN,JEY,KAZ,KOR,KWT,LVA,LBN,LBR,LTU,LUX,MYS,MLT,MUS,MEX,MNG,NLD,NZL,NOR,PAK,PAN,PHL,POL,PRT,ROU,RUS,SGP,SVK,SVN,ZAF,ESP,SWE,CHE,THA,TUR,UKR,GBR,USA,URY,VEN
AFG,0,,0,0,,,0,,0,,0,0,,,0,0,,0,,,0,,0,,,0,,0,,,0,0,,0,0,0,0,,,0,,0,0,,,,,0,0,,,,,0,0,,6,,,,0,0,,0,,,0,,-,0,0,,1,,0,0,,
ALB,0,,C,4,,,0,0,0,,0,6,,,0,0,,0,,,0,,6,,1,0,3,41,,104,0,0,,0,0,24,0,,43,0,,0,0,,,,,0,108,,,,,0,5,,0,,,,C,0,C,0,,,0,,-,0,8,,0,,12,91,,
DZA,0,,0,0,,,0,,0,,0,0,,,0,15,,0,,,2,,3,,,0,260,0,,,0,0,,0,0,0,0,,,0,,0,0,164,,,,0,0,,,22,,0,0,,0,,,,0,16,,0,,,0,,-,0,1,,0,,228,0,,
ASM,0,,0,0,,,0,,0,,0,0,,,0,0,,0,,,0,0,0,,,0,,0,,,0,0,,0,0,0,0,,,0,,0,0,,,0,,0,0,,,,,0,0,,1,,,,0,0,,0,,,0,,-,0,,,0,,0,0,,
AND,0,,0,0,,,0,,0,,0,0,,,0,0,,0,,,0,,0,,,0,1,0,,,0,0,,0,0,0,0,,,17,,0,0,,,,,0,40,,,,,0,0,,0,,0,,0,0,,0,,,0,,-,3,0,,0,,1,8,0,
AGO,0,,37,0,,,0,,0,,0,0,,,0,0,,0,,,0,,0,,,0,,0,,,13,0,,0,0,1,0,,,1,,0,0,,,,,0,0,,,14,,0,0,,4,,0,,0,404,,0,,,0,99,-,0,0,,0,,98,7,,
AIA,0,,0,0,,,0,,0,,0,0,,,0,0,,0,,,0,,0,,,0,9,0,,,0,0,,0,0,0,0,1,,0,,0,0,,,,,0,0,,,,,0,0,,1,,0,,0,0,,0,,,0,,-,1,,,0,,372,1,,
ATG,0,,C,0,,,0,0,0,,0,0,,,0,0,,0,,6,0,0,0,,,0,0,0,,0,0,0,,0,0,0,0,,1,0,,0,0,,24,,,0,2,,,,,0,0,,0,,0,,0,0,,0,C,,0,,C,0,,,0,,0,66,,
ARG,,1,20,172,147,1,0,25,71,,196,0,99,251,88,50,,4,1,53,4,0,413,,,0,225,628,,3,136,0,0,0,1,174,1,1,"3,027",343,155,2,13,,3,21,,0,"2,134",,,11,7,0,453,,18,,7,0,C,0,,1,22,,0,12,146,13,203,,3,,"2,487","7,110",78,112
ARM,0,,0,0,,,0,,0,,0,0,,,0,0,,0,,,0,,0,,,0,18,0,,,0,0,,0,0,165,0,,,0,,0,0,,,,,0,148,,,,,0,3,,0,,0,,0,0,,0,,,0,,-,0,0,,0,,0,0,,
ABW,0,,C,21,,,0,,1,,0,0,1,17,0,6,,0,,291,0,,3,,,0,1,11,,,0,0,,0,0,22,0,,5,484,,0,4,,,,,0,35,,,,,0,3,,0,,9,,0,0,,0,C,,0,,-,0,2,,0,,12,502,,
AUS,1,6,,"2,467",6,186,"1,379","5,436","10,922",4,6,1,"23,243",414,196,"33,904",549,25,6,62,4,24,"1,957",,1,"2,033","29,182","27,575",32,100,"1,261",3,12,29,102,"31,443",238,327,"4,854","165,569","1,374","1,674","3,529",0,11,152,,11,"39,732","1,737",370,216,0,28,"23,396","17,560","21,106",,20,222,1,476,0,205,"27,522",120,223,291,"1,665","7,301","28,957","2,496",6,,"87,348","351,064",158,1
AUT,0,1,"1,352",,,24,94,"14,104","1,669",,8,113,999,9,225,525,34,31,23,1,83,"3,219","2,090",,165,"2,656","68,696","108,003",6,658,382,918,2,0,0,"8,215",31,92,"18,932","16,233","1,019",588,91,,41,5,,59,"28,577",37,413,,,0,"36,838",,"5,763",,0,0,805,"2,257",705,264,C,"1,421",858,3,"6,532",839,"31,300",9,5,,"12,596","14,408",27,
AZE,0,,C,7,,0,0,,0,,0,0,4,,0,C,,0,,,0,,21,,,0,5,26,,,9,0,,0,0,1,0,,11,15,84,0,13,,1,1,,0,283,,,,,0,83,,0,,0,,0,0,,1,C,,0,,-,0,11,,5,,34,87,,
BHS,0,0,C,41,,,400,13,0,,"1,081",0,130,70,15,2,15,0,0,96,0,0,368,,,148,137,62,2,,266,0,,0,0,282,2,1,38,"1,710",691,0,0,,0,5,,1,"1,080",6,,3,,0,237,,56,,6,17,0,33,C,0,C,,0,,C,19,"3,071",148,0,,199,"5,467",7,
BHR,0,,C,30,,,0,3,251,,0,0,,,0,51,0,0,,,17,,7,35,1,0,34,190,,3,65,0,,0,0,53,0,,27,35,358,0,3,"6,388",,360,,1,230,78,,,,0,110,,48,11,0,0,0,0,C,0,C,,0,,C,0,37,15,5,,516,0,0,
BGD,0,,0,0,,,0,0,0,,0,0,,,0,467,,0,0,,0,,97,,,0,,0,,,0,0,,0,1,9,0,,,0,,0,1,35,,,,0,91,,,10,,0,3,,6,,0,,0,0,,0,C,,0,,-,0,1,,0,,257,102,,
BRB,0,1,C,36,,,,3,173,,0,0,52,4,0,0,,0,,,0,,7,,,0,0,33,,,19,0,,0,0,37,0,1,6,24,,0,0,,,,,0,265,,,,,0,30,,0,,5,,0,0,,0,,,0,,-,0,18,9,0,,227,"1,684",1,
BLR,0,,0,8,,0,0,,0,,0,0,,,0,5,,0,,,25,,32,,,0,23,59,,,51,0,0,0,0,11,0,,43,32,,0,0,,0,0,,2,353,,,,,0,41,,0,,0,,0,0,,126,C,,0,,C,0,16,,0,,161,408,,
BEL,0,1,"1,217","4,927",,28,20,,"1,178",29,348,196,"2,147",1,98,540,13,25,11,41,460,"2,120","1,936",31,158,"2,002","110,077","45,460",30,211,206,135,1,1,1,"15,958",16,43,"9,593","22,824","1,172",52,314,,11,82,,35,"60,063",10,196,17,,0,"27,639",14,"6,444",0,0,,45,"2,113",0,11,C,125,374,25,"7,270","1,227","6,590",20,1,,"41,991","45,546",64,
BLZ,0,,0,1,,0,0,0,0,,3,0,3,,0,0,,4,2,,0,,16,,,0,4,1,,,0,0,,0,0,0,0,,1,0,,0,316,,20,,,0,8,,,6,,0,0,,0,,0,,0,0,,8,C,,0,,C,0,1,,0,,3,84,0,
BEN,0,,0,0,,,0,,0,,0,0,,,0,0,,0,,,0,,3,,,0,19,0,,,0,0,,0,0,0,0,,,0,6,0,0,,,,,0,5,,,0,,0,0,,0,,0,,0,0,,0,,,0,,-,0,2,,0,,0,1,,
BMU,0,1,"3,833",306,13,57,33,"1,030",,,"3,093",2,"10,772",63,11,"89,574",659,0,0,68,26,81,"1,428",,3,"1,047","4,031","2,320",6,12,"3,261",6,16,207,1,"5,433",626,76,543,"26,864",193,11,541,48,1,22,,3,"29,401",252,3,904,,0,"6,183",108,"4,662",1,15,3,2,24,0,168,"9,412",,4,"14,146",176,"3,537","4,667",25,0,,"10,194","178,344",63,
BTN,0,,0,0,,,0,,0,,0,0,,,0,0,,0,,,0,,0,,,0,98,0,,,0,0,,0,0,0,0,,,0,,0,0,,,,,0,0,,,,,0,0,,0,,0,,0,0,,0,,,0,,-,0,0,,0,,0,0,,
BOL,0,,0,1,,,0,,0,,0,0,,2,0,0,,0,,0,0,,13,,,0,0,26,,,6,0,,0,0,1,0,,8,6,,0,0,,,,,0,99,,,,,0,34,,0,,0,,0,0,,0,C,,0,,C,1,2,,0,,101,95,2,
BES,0,,0,0,,,0,,0,,0,0,,,0,0,,0,,,0,,0,,,,,0,,,0,0,,0,0,0,,,,0,,0,0,,,,,0,109,,,,,0,0,,0,,0,,0,0,,0,,,0,,-,0,89,,0,,0,0,,
BIH,0,,0,8,,,0,,0,,0,0,,,0,0,,0,,,0,,34,,,0,0,8,,,0,0,0,0,0,21,0,,2,0,,0,0,19,,,,0,245,,,,,0,9,,0,,0,,0,0,,0,,,34,,-,0,1,,0,,20,81,,
BWA,0,,0,0,,,0,,0,,0,0,,,0,0,,0,,,0,,4,,,0,3,0,,,1,0,,0,0,18,0,,,0,,0,0,,,,,0,12,,,3,,0,1,,0,,0,,0,0,,0,,,0,52,-,0,0,,0,,27,67,,
BRA,430,4,"4,394",562,"5,340",877,15,627,"4,120",5,,4,"12,122","23,974","2,363",180,20,475,45,115,1,15,"3,602",10,3,160,"9,425","6,080",6,13,"2,843",5,4,2,1,"15,083",12,90,"1,667","27,853",544,5,"5,902",,1,16,,4,"58,912",5,,1,763,0,"13,198",0,"9,847",16,560,0,1,891,C,93,C,7,122,455,C,"2,196","4,744","6,181",13,,"127,154","216,116",239,12
IOQ,0,,0,0,,,0,,0,,0,0,,,0,0,,0,,,0,,0,,,0,,0,,,1,0,,0,0,0,0,,,0,,0,0,,,,,0,0,,,,,0,0,,89,,0,,0,0,,0,,,0,,-,0,0,,0,,0,6,,
BRN,0,,0,0,,,0,,0,,1,0,,1,0,0,,0,,,0,,0,,,0,18,0,,,0,0,,0,1,0,0,,,0,,0,2,,,,,0,0,0,,,,0,0,,0,,0,,0,0,,0,C,,0,,-,0,0,,0,,0,0,0,
BGR,0,,C,567,,3,0,36,0,,0,,2,,0,0,,0,,,35,2,22,,15,0,188,482,,343,11,17,0,0,0,5,0,,29,6,32,0,6,,16,,,6,239,,,,,0,36,,0,,0,,6,0,51,13,,21,2,,C,4,11,,0,,"1,167",157,0,
BFA,0,,0,0,,,0,,0,,0,0,,,0,0,,0,,,0,,0,,,0,32,0,,,0,0,,0,0,0,0,,,0,,0,0,,,,,0,0,,,1,,0,0,,0,,0,,0,0,,0,,,0,,-,0,0,,0,,0,0,,
BDI,0,,0,0,,,0,,0,,0,0,,,0,0,,0,,,0,0,6,,,0,,4,,,0,0,,0,0,0,0,,8,0,,0,0,,,,,0,68,,,,,0,0,,0,,0,,0,0,,0,,,0,,-,0,0,,0,,2,0,,
KHM,0,,0,1,,,0,,0,,0,0,,,0,C,,0,,,0,,0,,,0,,0,,,2,0,,0,0,1,0,,,0,,0,1,,,,,0,192,0,,0,,0,4,,4,,0,,0,0,,0,,,0,,-,0,3,1,0,,4,0,,
CMR,0,,0,0,,,0,0,0,,0,0,,,0,C,,0,,,0,,0,,,0,642,0,,,0,0,,0,0,0,0,,,0,,0,0,,,,,0,11,,,27,,0,0,,0,,0,,C,0,,0,,,0,,-,0,0,,0,,91,4,,
CAN,6,6,"20,153","1,914",5,209,"1,593","3,513","11,634",6,52,2,,789,671,"8,658",221,913,15,98,46,58,"2,507",,8,"1,277","19,383","20,238",71,67,"2,607",20,294,9,0,"24,790",128,204,"3,077","61,176","1,196","1,794","2,721",84,251,35,,3,"43,352",29,66,99,48,9,"16,346",433,"23,229",,91,23,75,187,18,502,C,10,48,"1,097",536,"10,700","30,014",78,12,,"26,918","808,022",177,
CPV,0,,0,0,,,0,,0,,0,0,,,0,0,,0,,,0,,0,,,0,,0,,,0,0,,0,0,0,0,,,0,,0,0,,,,,0,0,,,,,0,0,,0,,0,,0,73,,0,,,0,,-,0,0,,0,,0,0,,
CYM,0,2,C,"4,584",24,914,"1,131","3,064","8,474",,893,1,"14,525",,636,"203,760","1,409",70,12,"6,041",72,8,"9,036",154,32,"12,235","23,602","24,066",99,455,"20,125",5,50,9,379,"32,605","2,118",222,"3,872","575,629","6,153",31,"4,300","7,284",8,84,,6,"63,564",887,,278,493,0,"21,618",0,"4,867",3,249,233,3,"5,438",0,79,"8,896",34,23,430,C,"7,530","37,910",339,251,,"98,617","796,931",92,5
CAF,0,,0,0,,,0,,0,,0,0,,,0,0,,0,,,0,,0,,,0,0,0,,,5,0,,0,0,0,0,,,0,,0,0,,,0,,0,0,,,,,0,0,,0,,0,,0,0,,0,,,0,,-,0,0,,0,,0,0,,
TCD,0,,0,0,,,0,,0,,0,0,,,0,0,,0,,,0,,0,,,0,,0,,,0,0,,0,0,0,0,,,0,,0,0,,,,,0,0,,,,,0,0,,0,,0,,0,0,,0,,,0,,-,0,0,,0,,0,0,,
CHL,2,1,482,87,15,188,1,33,672,8,326,0,"1,067",540,,205,4,104,1,101,0,0,441,,,C,621,"1,364",,,114,1,0,1,0,"1,220",0,1,100,782,202,0,190,,0,2,,1,"5,827",0,,,3,0,"1,665",0,"1,251",,162,0,0,0,,0,C,1,4,,C,153,741,62,0,,"4,157","27,912",183,3
HKG,0,2,"7,506",496,,31,58,403,919,,11,0,"10,502",74,42,,"10,661",0,0,25,3,20,"2,078",5,8,807,"6,999","3,467",2,7,848,12,19,61,424,"13,025",217,189,673,"16,984",439,932,"7,239",58,0,8,,0,"34,731","2,798",,"2,693",,404,"10,874",0,"5,427",,7,247,C,27,,43,"22,697",1,64,42,"2,087","3,504","4,205","1,475",0,,"41,559","144,743",0,
MAC,0,0,C,0,,,0,,48,,0,0,,,0,772,,0,,0,0,0,0,,,0,,0,,,0,0,,0,0,41,0,,,45,,2,24,,,,,0,68,,,,,0,0,,0,,0,,0,335,,0,C,,0,,-,11,0,102,0,,74,0,,
CHN,23,3,"4,746",466,,28,6,533,657,,1,0,"8,655",23,104,"283,235","11,607",1,1,7,0,17,"1,543",11,4,662,"12,514","2,882",21,8,"2,021",2,7,2,904,"15,703",43,55,916,"10,423",560,9,"6,749",201,0,93,,4,"37,942",551,,"5,300",19,1,"9,044",0,"7,100",5,10,369,1,27,,16,"57,783",,109,258,C,"1,417","2,824",526,0,,"33,088","120,392",2,
CXQ,0,,0,0,,,0,,0,,0,0,,,0,0,,0,,,0,,0,,,0,,0,,,0,0,,0,0,0,0,,,0,,0,0,,,,,0,0,,,,,0,0,,0,,0,,0,0,,0,,,0,,C,0,,,0,,0,0,,
CCQ,0,,0,0,,,0,,0,,0,0,,,0,0,,0,0,,0,,0,,,0,,0,,,0,0,,0,0,0,0,,,0,,0,0,,,,,0,0,,,,,0,0,,0,,0,,0,0,,0,,,0,,-,0,,,0,,0,0,,
COL,0,2,162,92,10,2,40,22,"1,148",7,13,0,538,200,371,11,,,18,77,0,0,749,,,C,353,"1,546",,0,214,0,,0,0,922,0,,150,"1,467",199,2,91,,0,,,0,"5,229",,,14,,0,"1,761",0,395,,709,,0,0,,0,C,1,1,,136,92,329,3,0,,"1,806","19,996",148,3
COM,0,,0,0,,,0,,0,,0,0,,,0,0,,0,,,0,,0,,,0,,0,,,0,0,,0,0,0,0,,,0,,0,0,,,,,0,0,,,0,,0,0,,0,,0,,0,0,,0,,,0,,-,0,0,,0,,0,0,,
COD,0,,0,0,,,0,17,0,,0,0,,,0,0,,0,,,0,,0,,,0,"2,070",0,,,0,0,,0,0,0,0,,,1,,0,0,,,,,0,3,,,,,0,0,,0,,0,,0,0,,2,,,0,,-,0,0,,0,,371,0,,
COG,0,,0,0,,,0,,0,,0,0,,,0,0,,0,,,0,,33,,,0,18,5,,,0,0,,0,0,0,0,,0,0,,0,0,,,,,0,38,,,,,0,5,,0,,0,,0,0,,0,,,0,,-,0,0,,0,,29,223,,
COK,0,,0,0,,,0,,0,,0,0,,,0,0,,0,,,0,,0,,,0,0,0,,,0,0,,0,0,0,1,,,0,,0,0,,,,,0,0,,,,,0,0,,0,,0,,0,0,,0,C,,0,,-,0,,,0,,0,7,,
CRI,0,,0,4,16,1,8,0,115,,1,0,,16,5,C,,0,,,0,,34,,,0,1,115,,0,14,0,,0,0,49,0,,8,38,6,0,3,,,,,0,354,,,,,0,90,,1,,213,,0,0,,0,C,,0,,C,0,8,,0,,106,769,0,
CIV,0,,C,12,,0,0,0,50,,0,0,9,,0,13,,0,,,0,,146,,,C,219,45,,0,73,0,,0,0,29,0,,5,67,85,0,0,,,0,,0,672,0,,55,,0,80,,201,,0,,0,0,,0,C,,0,28,-,0,136,,0,,276,716,,
HRV,0,0,3,929,,1,0,47,153,,0,100,36,,0,3,,0,,,2,2,364,,16,53,"1,586","1,129",2,33,109,27,0,0,0,272,0,,391,129,24,0,4,,25,2,,13,"2,095",,7,1,,0,381,,56,,0,,C,0,3,4,C,162,48,,C,6,121,3,0,,486,"2,276",1,
CUB,0,,C,0,,,0,,0,,0,0,,,0,0,,0,,,0,,0,,,0,0,0,,,6,0,1,0,0,0,0,,,0,,0,0,,,,,0,0,,,,,0,4,,0,,0,,0,0,,0,,,0,,-,6,0,,0,,23,0,,10
CUW,0,10,0,616,,,11,"2,711",72,,0,11,"1,378",6,4,15,0,0,0,,16,452,234,,,,"38,836","1,801",,82,23,77,,0,0,884,,23,965,"10,212",62,43,7,,1,,,5,"3,389",1,,,,0,"1,998",,817,,0,,19,123,C,1,C,39,44,,977,79,"3,284",,0,,224,"69,652",,
CYP,0,0,25,190,,,0,123,7,,0,1,89,,0,625,,0,,,,88,118,,7,127,249,614,,"1,086",143,3,0,2,0,139,0,,63,16,"1,158",22,24,,32,8,,7,"1,846",9,17,94,,0,215,0,756,,0,,81,10,23,"2,735",C,103,5,2,C,206,70,,1,66,"1,280","1,587",0,
CZE,0,,269,"3,648",,,0,"2,090",11,,0,494,215,,0,62,,0,,0,19,,202,,33,116,"3,217","8,241",2,9,152,154,0,0,0,710,0,1,"1,093",940,716,28,58,,11,,,53,"3,760",,25,,,0,"2,582",,"1,200",,0,,431,18,8,2,C,"1,091",194,,C,117,"1,216",1,0,,"3,918","4,420",,
DNK,0,1,C,"3,312",,20,36,"2,547",895,1,"1,462",26,"3,282",1,250,618,113,1,18,15,13,31,,,91,"40,137","16,980","28,631",232,17,"13,737",2,44,0,0,"8,668",209,38,"2,555","11,852","1,963",581,293,10,33,6,,132,"17,670",21,35,178,,0,"9,430",0,"25,602",,3,0,6,531,0,4,C,240,70,204,540,"22,871","10,597",6,14,,"19,756","49,269",1,
DJI,0,,0,0,,,0,,0,,0,0,,,0,0,,0,,,0,,0,,,0,,0,,,0,0,,0,0,0,0,,,0,2,0,0,,,,,0,0,,,,,0,0,,0,,0,,0,0,,0,,,0,,-,0,0,,0,,0,0,,
DMA,0,,0,0,,,5,,0,,0,0,,,0,0,,0,,0,0,,0,,,0,,0,,,0,0,,0,0,0,0,,,0,,0,0,,,,,0,2,,,,,0,0,,0,,0,,0,0,,0,,,0,,-,0,0,,0,,0,0,,
DOM,0,0,C,13,,0,0,4,123,,0,0,68,7,2,C,,60,0,46,0,,98,,,0,18,108,,,20,0,,0,0,59,0,,39,41,68,0,0,,0,0,,0,690,,,,,0,165,,0,,95,,0,0,,0,,,0,,C,0,16,,0,,69,"1,102",0,
ECU,0,,0,5,,0,0,0,0,,1,0,,,0,6,,0,1,,0,,9,,,0,15,4,,0,8,0,,0,0,0,0,,3,5,,0,0,,0,0,,0,186,,,,,0,3,,0,,19,,0,0,,0,C,,0,,C,0,6,,6,,27,289,1,
EGY,0,0,C,21,,138,0,16,20,,0,0,159,,9,23,,0,,0,26,0,119,,,C,473,88,,8,262,1,,0,0,416,0,,23,62,137,0,27,766,0,8,,0,"1,041",5,,34,,0,220,,360,,8,,0,0,,1,C,,0,227,C,28,68,5,0,,"1,074","4,655",,
SLV,0,0,C,22,10,1,3,0,393,,0,0,12,16,0,0,,273,19,,0,,118,,,0,26,165,,,61,0,,0,0,73,0,,33,85,,0,4,,,,,0,600,,,,,0,166,,0,,56,,0,0,,0,C,,0,,C,0,13,,0,,107,"1,175",0,
GNQ,0,,0,0,,,0,,0,,0,0,,,0,0,,0,,,0,,0,,,0,0,0,,,0,0,7,0,0,0,0,,,0,,0,0,,,,,0,0,,,,,0,0,,0,,0,,0,0,,0,,,0,,-,0,0,,0,,0,54,,
ERI,0,,0,0,,,0,,0,,0,0,,,0,0,,0,,,0,,0,,,0,,0,,,0,0,,0,0,4,0,,,0,,0,0,,,,,0,0,,,,,0,0,,0,,0,,0,0,,0,,,0,,-,0,0,,0,,0,0,,
EST,0,,C,111,,,0,4,0,,0,0,,,0,0,,0,,,0,14,48,,,350,53,132,2,0,2,1,0,0,0,108,0,,3,1,,0,3,,95,,,166,288,,,,,0,55,,19,,0,,27,0,,16,C,9,28,,C,317,85,,0,,17,146,,
ETH,0,,0,0,,,0,,0,,0,0,,,0,0,,0,,,0,,1,59,,0,,0,,,0,0,,0,0,0,0,,,0,,0,0,,,,,0,0,,,23,,0,0,,0,,0,,0,0,,0,,,0,,-,0,0,,0,,0,0,,
FLK,0,,0,0,,,0,0,0,,0,0,,,0,0,,0,,,0,,0,,,0,0,11,,,0,0,,0,0,0,0,,0,0,,0,0,,0,,,0,5,0,,,,0,0,,0,,0,,0,0,,0,C,,0,,C,0,1,,0,,6,24,,
FRO,0,,0,0,,,0,1,0,,0,0,,,0,0,,0,,,0,,731,,,0,0,7,,,2,0,20,0,0,24,0,,0,0,,0,0,,,,,0,21,,,,,0,0,,10,,0,,0,0,,0,C,,0,,C,11,3,,0,,1,22,,
FJI,0,,C,0,,,0,,0,,0,0,,,0,C,,0,,,0,,0,,,0,,0,,,0,0,,0,0,0,0,,0,0,,0,0,,,,,0,165,,,,,0,0,,0,,0,,0,0,,0,C,,0,,-,0,0,,0,,5,7,,
FIN,0,1,"1,761","4,667",,2,2,"5,239","1,481",,3,15,"1,475",105,10,629,2,1,0,7,130,55,"9,389",,462,,"17,345","35,210",22,165,"1,302",3,22,0,0,"12,087",143,7,"2,880","13,763",958,283,324,0,137,3,,70,"18,819",0,44,1,0,0,"22,033",9,"13,087",,13,0,C,538,6,2,C,673,122,6,"1,248","30,231","8,179",3,0,,"26,081","26,578",55,
FRA,1,9,"18,283","30,015",12,496,163,"130,805","15,080",170,125,142,"27,675",251,849,"10,328",402,68,20,150,"1,371","1,059","17,634",80,590,"19,496",,"375,394",186,"2,087","5,614",167,613,0,8,"120,932",164,"2,150","135,557","215,947","9,190","3,819","6,187",185,203,552,,419,"290,847",124,"1,433",72,23,1,"188,590",0,"58,625",7,28,76,311,"12,251",53,"1,329",C,"2,726","2,218",238,"48,026","17,156","99,114",364,9,,"234,528","369,813",69,7
TFQ,0,,0,0,,,0,,0,,0,0,,,0,0,,0,,,0,,0,,,0,,0,,,0,0,,0,0,0,0,,,0,,0,0,,,,,0,0,,,,,0,0,,0,,0,,0,0,,0,,,0,,-,0,,,0,,0,0,,
PYF,0,,0,0,,,0,,0,,0,0,,,0,0,,0,,,0,,0,,,0,79,0,,,0,0,,0,0,0,0,,,0,,0,0,,,,,0,0,,,,,0,0,,0,,0,,0,0,,0,,,0,,-,0,0,,0,,0,0,,
NCL,0,,0,0,,,0,,0,,0,0,,,0,0,,0,,,0,,0,,,0,95,0,,,0,0,,0,0,0,0,,,0,,0,0,,,,,0,0,,,,,0,0,,0,,0,,0,0,,0,C,,0,,-,0,0,,0,,0,0,,
GAB,0,,0,3,,0,0,3,199,,0,0,2,,0,0,,0,,,0,,24,,,0,163,145,,,2,0,,0,0,67,0,,5,11,43,0,0,,0,,,0,99,,,,,0,33,,0,,0,,0,0,,0,C,,0,,C,0,40,,0,,19,0,,
GMB,0,,0,0,,,0,,0,,0,0,,,0,0,,0,,,0,,0,,,0,,0,,,0,0,,0,0,0,0,,,0,,0,0,,,,,0,21,,,,,0,0,,0,,0,,0,0,,0,,,0,,-,0,0,,0,,4,0,,
GEO,0,,0,13,,0,0,0,0,,0,0,11,,0,0,,0,,,1,1,84,,,C,7,86,,0,25,0,,0,0,28,0,322,20,16,17,1,91,,4,0,,4,467,,,1,,0,70,,0,,0,,0,0,,14,C,,1,,-,10,14,0,0,,121,473,,
DEU,36,12,"32,637","66,124",129,319,166,"40,514","14,320",89,153,642,"20,653",917,"6,190","13,118",562,305,35,75,556,863,"64,772",88,479,"31,299","255,107",,363,"2,215","6,168",671,417,2,5,"158,465",351,"2,051","85,143","181,490","18,772","3,785","2,876",192,401,88,,276,"334,895",478,819,38,39,0,"268,040",313,"71,339",9,24,200,422,"9,211",141,"2,145","25,240","1,114","3,033",266,"27,413","37,596","91,466",180,48,,"301,460","325,218",130,
GHA,0,0,C,3,,0,0,,101,,0,0,,,0,39,,0,,,0,,37,2,,C,18,34,,,18,0,,0,0,40,0,,5,6,3,0,0,,0,0,,0,"1,487",,,175,,0,53,,19,,0,,0,0,,3,C,,0,4,-,0,9,,0,,"1,066",582,,
GIB,0,,C,226,,,0,1,637,,97,0,,,0,0,,0,,,0,0,15,,,0,58,59,,,5,0,,0,0,32,1,,86,5,,0,9,,0,,,0,41,,,1,,0,4,,27,,0,,0,0,0,0,C,,9,,C,5,80,,0,,169,410,,
GRC,0,0,83,"1,747",,17,2,"2,472","2,615",,0,267,207,,0,12,,0,0,24,"7,475",2,137,,8,182,"10,598","9,372",,,72,9,0,0,0,536,3,10,"4,238",215,"3,623",2,2,,3,16,,5,"1,372",0,43,,5,0,"3,785",0,491,,0,0,C,"2,494",37,6,15,149,331,23,"2,829",125,233,2,207,,"2,504","4,629",2,
GRL,0,,0,0,,,0,0,0,,0,0,,,0,0,,0,,,0,,71,,,0,,0,,,0,0,,0,0,0,0,,,0,,0,0,,,,,0,13,,,,,0,0,,2,,0,,0,0,,0,,,0,,C,0,0,,0,,0,0,,
GRD,0,,0,0,,,1,3,0,,0,0,,,0,0,,0,,,0,,0,,,0,3,0,,,0,0,,0,0,11,0,,0,0,,0,0,,,,,0,0,,,,,0,0,,0,,0,,0,0,,0,,,0,,-,0,0,,0,,0,25,,
GLP,0,,0,0,,,0,,0,,0,0,,,0,0,,0,,,0,,0,,,0,,0,,,0,0,,0,0,0,0,,,0,,0,0,,,,,0,0,,,,,0,0,,0,,0,,0,0,,0,,,0,,-,0,,1,0,,-5,0,,
GUM,0,,0,0,,24,0,11,0,,0,0,,,0,0,,0,,,0,,0,,,0,0,0,,,0,0,,0,0,0,3,,,0,,0,0,,,,,0,0,,,,,0,0,,0,,0,,0,0,,0,,,0,,-,24,,,0,,0,0,,
GTM,0,,0,4,460,0,26,0,127,,0,0,3,3,2,4,,0,3,,0,,15,,,0,1,84,,,4,0,,0,0,41,0,,5,9,,0,0,,,,,0,153,,,,,0,17,,0,,141,,0,0,,0,,,0,,C,0,6,,0,,9,248,,
GGY,0,,41,573,,99,123,706,149,,8,0,"1,258",8,5,706,0,0,,53,11,31,"1,125",,0,"3,782","4,309","6,394",6,53,,10,107,0,0,"1,992","1,198",3,"1,080","6,382",437,0,69,,1,2,,1,"4,357",1,,5,,0,"5,246",,"2,219",,0,,37,78,,18,457,170,0,"3,301",461,687,"14,596",9,0,,"21,116","27,539",0,
GUF,0,,0,0,,,0,0,0,,0,0,,,0,0,,0,,3,0,,0,,,0,,0,,,0,0,,0,0,0,0,,,0,,0,0,,,,,0,0,,,,,0,0,,0,,0,,0,0,,0,,,0,,-,0,,,0,,0,0,,
GIN,0,,C,0,,,0,,0,,0,0,,,0,0,,0,,,0,,0,,,0,0,0,,,11,0,,0,0,0,0,,,0,9,0,0,,,,,0,0,,,,,0,0,,0,,0,,0,0,,0,,,0,,-,0,0,,0,,0,0,,
GNB,0,,0,0,,,0,,0,,0,0,,,0,0,,0,,,0,,0,,,0,,0,,,0,0,,0,0,0,0,,,0,,0,0,,,,,0,0,0,,,,0,0,,0,,0,,0,7,,0,,,0,,-,0,0,,0,,0,0,,
GUY,0,,0,0,,,3,,0,,0,0,,,0,0,,0,,,0,,0,,,0,,0,,,0,0,,0,0,0,0,,,0,,0,0,,,,,0,0,,,,,0,0,,0,,0,,0,0,,3,,,0,,-,0,0,3,0,,4,0,,
HTI,0,,0,0,,,0,,0,,0,0,,,0,0,,0,,,0,,0,,,0,,0,,,0,0,,0,0,0,0,,,0,,0,0,,,,,0,0,,,,,0,0,,0,,0,,0,0,,0,,,0,,-,0,0,,0,,0,0,,
HND,0,,0,0,,,1,,0,,0,0,,,0,C,,122,15,,0,,0,,,0,,0,,,5,0,,0,0,4,0,,,0,8,0,0,,,,,0,9,,,,12,0,0,,0,,103,,0,0,,0,,,0,,-,0,98,16,0,,0,14,0,
HUN,0,0,348,"3,388",,1,0,295,12,,8,164,442,,0,12,,0,0,4,18,337,863,,18,103,"1,533","7,002",,30,235,,0,0,0,"1,566",0,3,740,513,999,0,106,,32,6,,35,"13,139",8,4,0,,0,"1,949",0,531,,0,,702,9,66,153,C,641,80,36,C,96,513,,0,,"17,008","13,082",0,
ISL,0,,C,46,,,0,129,9,,0,1,35,1,0,9,,0,0,,0,10,162,,1,3,527,"1,260",6,18,4,0,,0,0,137,0,,303,181,344,48,3,,3,0,,3,"1,257",,,,1,0,103,,45,,0,,89,121,,4,C,1,0,,268,114,130,,0,,"2,340","2,103",0,
IND,0,1,"3,601",421,,489,1,239,655,1,2,0,"5,835",21,5,"6,465",23,0,,4,6,4,"1,580",81,,738,"4,650","1,074",41,4,751,0,2,,61,"3,995",24,4,390,"5,195",589,25,"2,063",202,0,5,,1,"31,019",286,,"78,228",,0,"5,849",85,"4,319",2,14,0,C,0,,6,"55,746",,37,798,"2,755","1,070","1,950",546,0,,"22,024","78,846",1,
IDN,0,2,"1,041",340,2,5,0,133,"1,637",,0,0,"2,489",80,12,643,1,0,,17,1,0,"1,628",,,C,"1,273","2,775",5,,752,0,1,36,,"4,549",2,,628,"7,543",123,0,551,173,1,,,0,"21,450","1,803",,128,,0,"3,981",0,"2,507",8,0,"1,022",0,0,,0,"26,434",2,15,11,C,442,902,64,2,,"8,098","44,991",0,
IRN,0,,0,0,,,0,0,0,,0,0,,,2,0,5,0,,,0,,0,,,0,1,0,,0,0,0,,0,0,0,0,,,0,38,0,24,,,0,,0,0,163,,,,0,0,,55,,0,,0,0,,1,C,,0,,-,0,0,112,0,,0,0,,
IRQ,0,0,C,9,,20,0,,2,,0,0,19,,0,0,,0,,,0,10,94,,,0,14,16,,,44,0,,0,0,11,0,,28,98,2,0,341,204,0,0,,0,375,,,8,,0,164,,0,,0,,0,0,,0,,,0,,-,0,19,,0,,420,0,,
IRL,0,8,"3,282","11,893",16,9,110,"37,867","12,177",,113,171,"5,882",509,"6,653","9,990",365,156,1,"2,686","1,460",699,"11,883",8,579,"19,701","117,992","131,783",103,"1,475","5,094",239,"1,200",10,0,,"4,122","2,025","100,725","52,967","3,263","1,230","1,878",55,447,54,,350,"95,979",390,"1,689",21,19,0,"72,760",783,"11,291",,88,0,85,"19,125",39,"11,070","2,322","2,525",339,"6,948","28,506","12,675","36,510",354,5,,"199,693","180,851",4,
IMN,0,0,36,25,,,8,11,34,,18,0,,,0,2,,0,,,6,2,39,,4,46,116,133,,0,215,0,4,0,0,880,,,22,479,9,0,33,,0,4,,0,"1,047",997,,87,,0,94,,30,,0,,5,0,1,292,178,,0,147,C,5,137,,2,,"2,096","3,285",1,
ISR,0,0,470,234,,,0,127,"5,329",,3,0,"1,669",,12,13,,0,0,3,9,6,256,,,52,747,"1,490",8,3,"1,343",58,1,0,0,723,1,,116,"1,807",115,23,90,,0,,,0,"3,332",0,,16,,0,"1,577",0,"1,813",,7,,2,0,,4,"1,049",,11,0,C,165,551,116,1,,"3,382","56,544",6,
ITA,1,4,"3,697","23,909",,38,5,"32,399","1,188",,40,79,"5,896",44,242,"1,542",28,0,0,222,731,571,"8,517",58,401,"6,871","285,314","211,323",33,776,"1,666",32,10,0,5,"109,265",5,214,,"53,810",745,47,"1,291",,13,20,,11,"144,510",4,395,46,1,0,"56,370",0,"15,340",,1,0,15,"15,802",23,22,"2,427","2,123","1,021",36,"48,982","3,954","8,924",64,4,,"79,926","109,565",69,
JAM,0,,0,7,,0,765,0,4,,0,0,,44,0,0,,0,0,31,0,,4,,,0,8,49,,0,56,0,,0,0,0,0,,24,4,27,0,0,,,0,,0,24,,,,,0,8,,0,,0,,0,0,,0,C,,0,,C,0,6,,0,,23,221,,
JPN,12,12,"20,917","1,011",,116,244,"1,657","1,873",3,13,0,"37,110",5,"2,159","37,295",122,11,0,295,1,18,"5,642",22,1,363,"108,138","23,173",9,8,"1,356",3,31,13,142,"47,972",126,229,"3,036",,"7,103","3,139","5,438",2,5,9,,0,"62,548",222,5,277,25,0,"35,010","1,024","43,143",4,0,36,3,413,0,0,C,7,29,306,501,"10,949","20,203",141,0,,"183,940","506,339",29,
JEY,0,0,"1,260","2,986",,54,408,"2,429","1,500",,82,4,"1,468",21,0,"1,659",17,0,0,23,"4,085",403,"1,248",,1,"1,417","11,165","13,695",33,839,842,110,29,0,0,"6,011",510,12,"7,521","18,570",,6,759,129,1,20,,1,"23,565",5,,37,,0,"7,957",,"3,369",,0,0,25,625,8,"1,480",622,9,8,"2,323","3,684","1,006","18,887",0,1,,"55,231","49,120",5,
JOR,0,,C,0,,319,0,,10,,0,0,4,,0,8,,0,,,23,,9,5,,0,8,41,,,48,0,,0,0,26,0,,8,0,139,0,0,676,,122,,0,159,0,,,,0,9,,1,,0,,0,0,,0,,,0,,-,0,4,,0,,195,231,,
KAZ,0,0,11,358,,49,0,16,229,,0,4,57,20,0,9,1,0,0,,9,33,276,,4,0,57,817,,8,692,21,0,0,0,479,0,,76,109,57,,87,,25,3,,7,"1,831",18,,7,,0,223,,35,3,1,0,20,0,1,129,C,2,1,,C,35,106,0,4,,"1,619","3,798",0,
KEN,0,0,C,0,,2,0,0,0,,0,0,4,,0,18,,0,,,0,,29,0,,0,7,0,,,25,0,,0,0,108,0,,0,3,74,0,3,,,,,0,466,,,252,,0,7,,19,,0,,0,0,,0,C,,0,132,-,5,11,,0,,139,444,,
KIR,0,,0,0,,,0,,0,,0,0,,,0,0,,0,,,0,,0,,,0,,0,,,0,0,,0,0,0,0,,,0,,0,0,,,,,0,0,,,,,0,0,,0,,0,,0,0,,0,,,0,,-,0,0,,0,,0,0,,
PRK,0,,C,,,,0,,0,,0,0,,,,0,,0,,,0,,0,,,0,,0,,,,0,,,,0,0,,,0,,0,0,,,,,0,0,,,,,0,0,,0,,7,,0,0,,0,,,1,,-,0,0,,0,,,0,,
KOR,0,3,"7,873",662,3,144,1,656,"1,170",,947,0,"11,131",7,97,"22,195",170,1,,14,0,7,"2,091",,,590,"11,671","8,328",6,8,651,8,5,38,11,"15,512",11,40,"1,032","24,228",495,"1,566",,52,0,5,,11,"38,966","2,604",15,35,81,3,"10,549",0,"13,842",14,34,481,9,15,0,8,"46,939",5,61,111,658,"2,733","9,678","3,415",0,,"42,237","174,689",2,
KWT,0,,0,0,,91,0,,0,,0,0,,,0,40,,0,,,5,,13,10,,0,23,1,,0,43,0,,0,7,4,0,,,14,16,0,3,,,32,,0,155,646,,54,,0,0,C,0,,0,,0,0,,0,,,0,,-,0,1,,0,,365,0,,
KGZ,0,,C,0,,,0,,0,,0,0,,,0,0,,0,,,0,,0,,,0,,0,,,0,0,,0,0,0,0,3,,0,,12,0,,,,,0,105,,,,,0,3,,0,,0,,0,0,,8,,,0,,-,0,2,,0,,0,0,,
LAO,0,,0,0,,,0,0,0,,0,0,,,0,0,,0,,,0,,0,,,0,,0,,,8,0,,0,0,0,0,,,0,,0,480,,,,,0,9,,,,,0,0,,0,,0,,0,0,,0,C,,0,,-,0,1,57,0,,0,0,,
LVA,0,0,0,292,,1,0,0,0,,0,7,30,,0,0,,0,,,3,,78,,108,19,15,971,,0,19,3,,0,0,7,0,,105,69,47,0,0,,,,,47,658,,,,,0,216,,61,,0,,C,0,C,7,,4,4,,C,121,66,0,0,,306,780,,
LBN,0,,C,8,,,0,7,0,,0,0,16,,0,16,,0,,,488,,129,25,,0,71,49,,,93,0,,0,0,25,0,,60,19,193,0,0,130,,,,0,423,,,,,0,142,,0,,0,,0,0,,1,,,0,,C,1,4,,0,,334,710,,
LSO,0,,0,0,,,0,,0,,0,0,,,0,0,,0,,,0,,0,,,0,,0,,,0,0,,0,0,0,0,,,0,,0,0,,,,,0,0,,,,,0,0,,0,,0,,0,0,,0,,,0,,-,0,0,,0,,6,1,,
LBR,0,0,2,0,,,0,14,2,,0,0,106,,0,0,,0,,0,1,,44,,,14,105,168,,4,0,0,,0,0,49,0,,27,85,,3,1,,0,0,,0,548,0,,,,0,170,,784,,0,,0,0,,0,C,,0,0,C,12,66,,0,,48,"4,929",0,
LBY,0,,0,0,,56,0,,0,,0,0,,,0,0,,0,,,0,,0,,,0,2,0,,,0,0,,0,0,0,0,,,0,,0,0,,,,,0,0,,,,,0,0,,0,,0,,0,54,,0,,,0,,-,0,0,,0,,0,0,,
LIE,0,,C,"1,453",,,0,2,0,,0,0,11,,0,0,,0,,,0,5,0,,,0,39,"1,893",2,,1,1,,0,0,3,3,,43,0,,0,0,,,,,0,268,0,,3,,0,0,,17,,0,,0,0,,1,C,,2,,C,13,,4,0,,24,70,0,
LTU,0,1,C,513,,1,0,98,320,,0,36,79,,0,4,,0,,,19,,255,,117,18,144,"2,663",,24,93,2,0,0,0,28,0,15,148,127,2,3,6,,244,14,,,"2,138",,7,,,0,427,,79,,0,,43,0,C,2,C,50,41,,C,210,324,4,0,,420,"2,645",,
LUX,654,3,"16,115","32,569",26,4,124,"148,508","6,963",,184,568,"5,998",375,"44,095","39,326","1,066",843,5,98,872,"3,411","33,357",4,771,"36,828","203,882","455,628",559,"74,949","15,438","2,747","1,295",355,"1,130","56,506","5,146","6,477","323,447","91,552","12,610",281,"6,811",64,885,185,,"1,004",,413,507,"1,081",706,0,"89,808",59,"15,110",,55,53,"3,950","11,869",504,"11,000","17,249",661,875,"16,551","51,262","74,109","163,375",952,252,,"103,492","104,733",146,
MKD,0,,0,71,,,0,0,0,,0,2,,,0,0,,0,,,0,,16,,,0,0,30,,74,0,0,,0,0,18,0,,13,0,,0,0,,0,,,5,83,,,,,0,0,,0,,0,,0,0,,1,,,25,,-,0,3,,0,,3,14,,
MDG,0,,0,0,,,0,,0,,0,0,,,0,0,,0,,,0,,0,,,0,15,0,,,0,0,,0,0,0,0,,,0,,0,0,,,,,0,1,,,109,,0,0,,0,,0,,0,0,,0,,,0,,-,0,0,,0,,0,2,,
MWI,0,,0,0,,,0,,0,,0,0,,,0,0,,0,,,0,,0,,,0,,0,,,0,0,,0,0,0,0,,,0,,0,0,,,,,0,3,,,3,,0,0,,0,,0,,0,0,,0,,,0,7,-,0,0,,0,,0,0,,
MYS,0,1,"2,863",313,,222,0,197,227,,1,0,"2,239",5,18,"11,955",191,0,,16,0,0,"1,198",34,,168,"3,093","2,351",,0,207,0,1,1,12,"5,209",8,,177,"5,676",311,0,695,625,3,1,,1,"16,885",,,94,6,0,"3,762",44,"3,016",6,0,68,C,0,,1,"28,222",,11,7,C,489,"1,071",131,0,,"12,867","42,419",,
MDV,0,,0,0,,,0,,0,,0,0,,,0,20,,0,,,0,,0,,,C,,0,,,0,0,,0,0,0,0,,,0,,0,0,,,,,0,0,,,36,,0,0,,0,,0,,0,0,,0,,,0,,-,0,0,,0,,0,0,,
MLI,0,,0,0,,,0,,0,,0,0,,,0,0,,0,,,0,,0,,,0,,0,,0,0,0,,0,0,0,0,,,0,49,0,0,,,0,,0,0,,,0,,0,0,,0,,0,,0,0,,0,,,0,,-,0,0,,0,,3,0,,
MLT,0,,C,25,,,0,13,0,,0,0,,,0,0,,59,,,0,47,24,14,1,0,268,34,,0,534,0,,1,0,116,12,,238,13,,0,0,8,44,,,1,830,,,7,,0,21,,30,,0,,0,0,,0,C,15,0,"1,056",C,317,294,,0,,"6,643",181,,
MHL,0,,C,7,,,0,28,39,,0,0,145,,0,1,,0,,0,0,1,54,,,65,27,20,,,2,0,0,0,0,-5,0,,15,57,6,0,83,,0,0,,0,333,1,,,,0,36,,107,,0,,C,0,,0,C,,0,,C,75,40,0,0,,97,"9,781",0,
MTQ,0,,0,0,,,0,,0,,0,0,,,0,0,,0,,,0,,0,,,0,,0,,,0,0,,0,0,0,0,,,0,,0,0,,,,,0,0,,,,,0,0,,0,,0,,0,0,,0,,,0,,-,0,,,0,,0,0,,
MRT,0,,C,0,,,0,,0,,0,0,,,0,0,,0,,,0,,0,,,0,0,0,,,0,0,,0,0,0,0,,,2,14,0,0,138,,,,0,0,,,0,,0,0,,0,,0,,0,0,,0,C,,0,,-,0,11,,0,,0,45,,
MUS,0,,130,1,,22,0,8,232,,0,0,7,,0,278,4,0,,2,0,118,62,,,0,121,20,14,,159,4,,3,208,905,155,,8,"1,988",609,0,4,49,,,,0,"3,725",37,,,,0,232,,37,0,0,0,0,0,,0,"1,409",,0,784,C,175,182,0,0,,"1,109","6,088",,
MYT,0,,0,0,,,0,,0,,0,0,,,0,0,,0,,,0,,0,,,0,,0,,,0,0,,0,0,0,0,,,0,,0,0,,,,,0,0,,,,,0,0,,0,,0,,0,0,,0,,,0,,-,0,,,0,,0,3,,
MEX,6,6,"3,112",789,-13,210,1,990,"4,331",,220,0,"5,155","1,273",894,251,42,179,12,99,2,2,"2,826",,5,288,"4,701","10,681",2,36,"1,033",3,0,0,0,"11,173",1,8,"1,116","15,047",336,2,"1,231",,1,3,,1,"35,370",1,6,1,,0,"8,530",0,"6,571",,287,0,C,52,,0,C,4,58,38,538,849,"3,983",485,1,,"25,844","157,089",77,3
FSM,0,,0,0,,,0,,0,,0,0,,,0,0,,0,,,0,,0,,,0,,0,,,0,0,,0,0,0,0,,,0,,0,0,,,,,0,0,,,,,0,0,,0,,0,,0,0,,0,,,0,,-,0,0,,0,,0,0,,
MDA,0,,C,0,,,0,,0,,0,0,,,0,0,,0,,,0,,0,,,0,,0,,,0,0,,0,0,0,0,,,0,,0,0,,,,,0,57,,,,,0,0,,0,,0,,0,0,0,0,,,9,,-,0,0,,0,,0,4,,
MCO,0,,0,0,,,0,0,0,,1,0,,,0,0,,0,,,0,,0,,,0,,0,,,1,0,,0,0,0,0,,14,0,32,0,0,,,,,0,50,,,,,0,0,,6,,0,,0,0,,0,C,,0,,-,0,,,0,,2,5,,
MNG,0,,C,28,,0,0,,377,,0,0,,,0,34,,0,,,0,,46,,,0,6,123,,,43,1,,0,0,59,0,,39,22,5,0,2,,0,,,0,597,,,0,,,87,,0,,0,0,0,0,,0,C,,0,,-,0,29,,0,,555,339,,
MNE,0,,0,20,,,0,2,0,,0,11,,,0,0,,0,,,0,,12,,,0,3,29,,,0,4,,0,0,9,0,,11,0,,0,0,,0,,,1,102,,,,,0,8,,0,,0,,C,0,,0,,5,3,,C,0,15,,0,,0,"1,314",,
MSR,0,,0,0,,,0,,0,,0,0,,,0,0,,0,,,0,,0,,,0,,0,,,0,0,,0,0,0,0,,,0,,0,0,,,,,0,0,,,,,0,0,,0,,0,,0,0,,0,,,0,,-,0,,,0,,0,0,,
MAR,0,,C,38,,15,0,14,289,,0,0,63,,0,61,,0,,,1,,34,,,C,"1,535",504,3,,25,0,,0,0,169,0,,80,45,514,0,40,15,1,,,0,277,0,,90,,0,108,,12,,0,,0,87,,1,C,,1,30,419,6,57,1,0,,335,"1,011",,
MOZ,0,,0,0,,,0,,0,,0,0,,,0,0,,0,,,0,,1,10,,0,,0,,,0,0,,0,0,1,0,,,0,,0,0,,,,,0,2,,,440,,0,0,,23,,0,,0,80,,0,,,0,38,-,0,0,,0,,12,0,,
MMR,0,,0,0,,,0,,0,,0,0,,,0,0,,0,,,0,,0,,,0,,0,,,0,0,,0,0,0,0,,,0,,0,0,,,,,0,0,,,,,0,0,,0,,0,,0,0,,0,C,,0,,-,0,0,,0,,0,21,,
NAM,0,,0,5,,,0,,0,,0,0,,,0,0,,0,,,0,,17,,,0,2,117,,,1,0,,0,0,0,0,,2,5,,0,0,,,,,0,106,,,2,,0,22,,1,,0,,0,0,,0,,,0,556,-,0,4,,0,,41,130,,
NRU,0,,0,0,,,0,,0,,0,0,,,0,C,,0,,,0,,0,,,0,,0,,,0,0,,0,0,0,0,,,0,,0,0,,,,,0,0,,,,,0,0,,0,,0,,0,0,,0,,,0,,-,0,0,,0,,0,0,,
NPL,0,,0,0,,,0,,0,,0,0,,,0,0,,0,,,0,,0,,,0,,0,,,0,0,,0,0,0,0,,,0,,0,0,,,,,0,0,,,,,0,0,,0,,0,,0,0,,0,,,0,,-,0,0,,0,,4,0,,
NLD,2,10,"15,393","22,954",71,381,446,"92,643","14,762",82,182,315,"11,708",349,506,"9,054",719,2,21,222,581,"2,328","13,470",12,749,"16,523","319,363","266,528",230,"1,950","3,690",97,401,5,"1,129","68,640",201,779,"57,992","127,933","4,251","1,570","2,968",58,272,211,,201,"154,521",87,"1,235",33,15,0,,46,"27,393",0,84,114,731,"12,162",189,"4,186",C,"1,871","1,200",273,"34,921","9,847","83,224",315,33,9,"220,192","286,054",162,
ANT,,,68,,,,,,,,,,,,,,,,,,,,,,,,,,,,,,,,,,,,,,,,,,,,,,,,,,,,,,,,,,,,,,,,,,,,,,,,,,1,
NZL,0,3,"7,863",100,,28,14,107,811,,0,0,935,22,25,819,65,15,0,,0,2,22,,,0,757,"1,211",6,1,349,0,0,0,0,"1,743",1,24,83,"7,110",92,1,109,,0,1,,0,"1,753",1,,,,0,354,,"1,116",,0,,0,0,,0,C,74,0,6,C,167,"1,968",1,0,,"4,951","17,967",0,
NIC,0,,0,0,,,0,,0,,0,0,,,0,0,,0,,,0,,0,,,0,,0,2,,0,0,,0,0,3,0,,,0,,0,0,,,,,0,29,,,,,0,0,,0,,8,,0,0,,0,,,0,,-,0,0,,0,,21,0,,
NER,0,,0,0,,,0,,0,,0,0,,,0,0,,0,,,0,,0,,,0,,0,,,4,0,,0,0,0,0,,,0,2,0,47,,,,,0,0,,,,,0,0,,0,,0,,0,0,,0,,,0,,-,0,0,,0,,0,0,,
NGA,0,0,C,3,,,0,,13,,31,0,63,,0,39,,0,,1,3,,107,1,1,C,51,90,,,171,2,0,0,2,573,0,,13,94,467,0,14,,0,0,,0,"2,614",,,911,,0,301,,1,,0,,0,0,,1,C,,0,393,C,14,1,,0,,"2,993",0,,
NIU,0,,0,0,,,0,,0,,0,0,,,0,0,,0,,,0,,0,,,0,,0,,,0,0,,0,0,0,0,,,0,,0,0,,,0,,0,0,,,,,0,0,,0,,0,,0,0,,0,,,0,,-,0,,,0,,0,0,,
NFK,0,,0,0,,,0,,0,,0,0,,,0,0,,0,,,0,,0,,,0,,0,,,0,0,,0,0,0,0,,,0,,0,0,,,,,0,0,,,,,0,0,,0,,0,,0,0,,0,,,0,,-,0,,,0,,0,0,,
NOR,0,2,"4,118","4,016",,3,259,"2,563","3,285",,9,33,"3,060",107,31,"1,991",48,6,0,26,28,14,"5,825",,104,"8,624","18,038","38,222",22,51,"3,391",3,528,1,0,"11,696",89,143,"2,493","41,460","3,033",35,398,,61,0,,15,"21,101",7,87,2,3,0,"10,750",18,,,1,0,25,255,30,2,C,524,147,39,"1,172","25,213","11,222",40,0,,"34,052","73,282",61,
OMN,0,0,C,0,,56,0,0,0,,0,0,1,,0,C,,0,,,0,,20,2,,0,22,62,,,1,0,,1,0,65,0,,,3,112,0,1,211,,18,,0,86,1,,1,,0,1,,0,,0,,0,0,,0,C,,0,,-,2,0,,0,,101,0,,
PAK,0,,C,4,,24,0,,0,,0,0,60,17,0,21,,0,,0,0,,59,6,,0,2,7,,,33,0,,0,1,32,0,,17,15,35,0,18,13,1,0,,0,"1,123",0,,169,,0,99,,4,,0,,0,0,,0,C,,0,,C,54,4,,0,,301,"1,323",,
PLW,0,,0,0,,,0,,0,,0,0,,,0,0,,0,,,0,,0,,,0,,0,,,0,0,,0,0,0,0,,,0,,0,0,,,,,0,0,,,,,0,0,,0,,0,,0,0,,0,,,0,,-,0,0,,0,,0,0,,
PAN,0,1,C,104,38,1,26,21,602,1,98,0,642,65,16,308,,79,41,7,0,0,356,,,0,"-1,056",826,,,56,0,0,0,0,451,0,,99,971,9,21,369,,0,0,,0,"2,641",0,,23,6,0,703,,193,,,,0,0,,0,55,1,0,,C,32,521,1,0,,263,"23,336",2,8
PNG,0,,"1,024",4,,,0,1,0,,0,0,78,,0,41,,0,,,0,,3,,,0,6,41,,,5,0,0,0,0,106,0,,1,25,2,0,8,,,,,0,269,3,,,,0,21,,86,,0,,0,0,,0,0,,0,0,C,11,27,,0,,432,"1,479",,
PRY,0,,0,3,,,0,,112,,29,0,,3,1,0,,0,,,0,,2,,,0,0,8,,,8,0,,0,0,17,0,,3,5,,0,0,,,,,0,261,,,,,0,3,,0,,4,,C,0,,0,C,,0,0,C,0,1,,0,,0,218,0,
PER,0,0,62,91,59,3,3,32,689,17,4,0,364,104,505,19,,198,3,68,0,1,646,,,0,174,"1,465",,0,118,1,,0,0,695,5,,109,569,101,0,33,,0,0,,0,"5,316",,,,0,0,962,0,172,,252,,C,0,,0,C,1,2,1,C,69,191,3,0,,"1,561","10,830",12,
PHL,0,1,"6,724",183,1,"6,923",0,38,714,,2,0,"1,187",32,2,830,,0,,1,0,,"1,033",,,0,841,"1,709",,1,483,0,0,10,2,"1,655",1,,229,"3,045",68,0,164,,1,1,,0,"9,305",248,,31,,0,"2,128",0,"4,313",,0,,0,0,,7,"6,075",2,3,4,C,228,652,53,0,,"5,446","22,416",0,
PCN,0,,0,0,,,0,,0,,0,0,,,0,0,,0,,,0,,0,,,0,,0,,,0,0,,0,0,0,0,,,0,,0,1,,,,,0,0,,,,,0,0,,0,,0,,0,0,,0,,,0,,-,0,,,0,,0,0,,
POL,0,3,"1,029","8,026",,57,0,"2,402",93,,0,85,"1,147",1,11,39,1,0,,15,38,"1,098","1,440",6,107,783,"7,226","25,430",74,356,"1,132",604,0,0,0,"6,633",0,35,"2,037","9,796","2,184",41,522,,53,5,,40,"21,170",0,39,1,,0,"5,262",0,"3,529",,0,0,,100,49,111,C,"1,038",252,0,509,508,"4,323",14,0,,"7,987","33,665",1,
PRT,0,,331,"1,483",,11,0,"4,474",0,,694,6,487,"2,058",1,171,27,0,,6,118,1,429,,33,969,"31,405","22,326",5,173,16,0,0,0,1,"49,844",0,2,"6,396","1,289",822,5,37,1,5,0,,5,"8,785",0,214,,0,0,"12,484",,"1,451",,0,,43,,C,29,C,960,147,4,"14,732",173,293,,0,,"10,412","6,425",1,
PRI,0,,C,0,,6,0,4,100,,11,0,54,,0,2,,0,0,0,0,,17,,,0,1,0,,,0,0,0,0,0,54,0,,2,1,,0,0,,,0,,0,0,0,,,,0,25,,20,,2,,0,0,,0,,,0,,-,1,,0,0,,14,0,0,
QAT,0,1,27,331,,"2,136",0,0,823,,0,0,77,1,0,258,85,0,,9,1,,242,111,3,C,214,833,,,211,0,,0,0,896,0,,41,"1,272",208,6,31,"2,078",1,160,,3,"1,377",155,,,,0,872,C,122,35,6,0,0,0,,9,81,,0,0,-,20,352,139,0,,"1,436",0,4,
REU,0,,0,0,,,0,0,0,,0,0,,,0,0,,0,,,0,,0,,,0,,0,,,0,0,,0,0,3,0,,,0,,0,0,,,,,0,1,,,0,,0,0,,0,,0,,0,0,,0,,,0,,-,0,,,0,,0,0,,
ROU,0,0,19,"1,706",,4,0,16,212,,0,315,57,,0,0,,0,,,260,155,303,0,28,0,269,"1,236",33,389,103,13,,0,0,175,0,,263,89,298,0,10,,26,,,62,"3,077",,,1,,0,460,,3,,0,0,300,0,,4,,75,37,16,C,66,107,1,21,,"1,313","1,987",0,
RUS,0,3,"1,935","2,028",,373,0,342,908,1,9,12,"3,278",21,39,181,19,0,1,10,"4,315",370,"2,377",,136,"2,227","11,434","4,624",22,84,"5,645",98,2,0,0,"3,135",17,11,791,"2,712","1,026",273,"1,950",,96,61,,20,"27,818","1,314",,3,1,0,"10,497",0,"7,690",15,12,0,194,0,2,,C,33,87,57,C,"4,494","4,191",177,31,,"25,540","66,531",2,
RWA,0,,0,0,,,0,,0,,0,0,,,0,0,,0,,,54,,0,,,0,,0,,,0,0,,0,0,5,0,,,0,,0,0,,,,,0,3,,,40,,0,0,,2,,0,,0,0,,0,C,,0,,-,0,0,,0,,1,0,,
SHN,0,,0,0,,,0,,0,,0,0,,,0,0,,0,,,0,,0,,,0,,0,,,0,0,,0,0,0,0,1,,0,,0,0,,,,,0,0,,,,,0,0,,0,,0,,0,0,,0,,,0,,-,0,0,,0,,0,0,,
SPM,0,,0,0,,,0,,0,,0,0,,,0,0,,0,,,0,,0,,,0,,0,,,0,0,,0,0,0,0,,,0,,0,0,,,,,0,0,,,,,0,0,,0,,0,,0,0,,0,,,0,,-,0,,,0,,0,0,,
WSM,0,,0,0,,,0,,0,,0,0,,,0,C,,0,,,0,,0,,,0,,0,,,0,0,,0,0,0,0,,,0,,0,0,,,,,0,0,,,,,0,0,,0,,0,,0,0,,0,,,0,,-,0,0,,0,,0,0,,
SMR,0,,0,0,,,0,,0,,0,0,,,0,0,,0,,,0,,0,,,0,,0,,,0,0,,0,0,0,0,,44,0,,0,0,,,,,0,0,,,,,0,0,,0,,0,,0,0,,0,,,0,,-,0,0,0,0,,0,0,,
STP,0,,0,0,,,0,0,0,,0,0,,,0,0,,0,,,0,,0,,,0,,0,,,0,0,,0,0,0,0,,,0,,0,0,,,,,0,0,,,,,0,0,,0,,0,,0,0,,0,,,0,,-,0,0,,0,,0,0,,
SAU,0,,C,0,,"1,052",0,0,2,,0,0,19,,0,380,,0,,,0,,18,339,,0,"1,771",0,,0,126,0,0,0,50,4,17,,,3,327,0,39,"4,355",,208,,0,35,304,,,,0,1,,1,135,0,,0,0,,0,C,,0,,-,0,51,,0,,"2,096",0,,
SEN,0,,0,0,,51,0,,332,,0,0,,,0,C,,0,,,0,,36,,,0,221,78,,,34,0,,0,0,90,0,,1,14,279,0,41,,0,,,0,161,,,27,,0,18,,0,,0,,0,0,,2,C,,0,10,-,61,8,,0,,83,39,,
SRB,0,,0,58,,0,0,0,47,,0,1,31,,0,0,,0,,,80,,156,,3,0,142,218,,284,36,2,,0,0,54,0,,49,65,3,0,3,46,1,,,2,"1,937",,,,,0,146,,0,,0,,C,0,0,6,,4,34,,-,37,26,,0,,86,0,,
SYC,0,,0,4,,,0,0,0,,0,0,,,0,0,,0,,,0,,10,,,0,0,9,,0,11,0,0,0,0,13,0,,201,0,,0,0,,0,1,,0,14,,,8,,0,0,,0,,0,,C,0,,118,,,0,,C,0,31,,0,,4,16,0,
SLE,0,,C,0,,,0,,0,,0,0,,,0,0,,0,,,0,,0,,,0,,0,,,0,0,,0,0,0,0,,,0,,0,0,,,,,0,0,0,,10,,0,67,,0,,0,,0,0,,0,,,0,,-,4,0,,0,,192,0,,
SGP,0,1,"2,917",198,,43,65,229,779,,6,0,"5,024",12,28,"15,302",189,0,,6,7,1,668,9,0,375,"1,599","2,591",,1,620,0,2,7,425,"7,208",24,33,290,"15,079",453,671,"1,280",3,0,4,,2,"17,989","15,377",,"1,946",,7,"7,889",0,"3,373",,0,87,C,9,0,6,,,6,704,C,"1,508","3,371",980,0,,"18,939","72,896",,
SXM,0,,0,0,,,0,0,0,,0,0,,,0,0,,0,,,0,,0,,,,,0,,0,0,0,,0,0,0,0,,"1,213",0,,0,0,,,,,0,0,,,,,0,0,,0,,0,,0,0,,0,,,0,,-,0,9,,0,,352,0,,
SVK,0,0,C,"4,593",,,0,"1,791",0,,0,43,28,,0,0,19,0,,,2,"3,567",55,,32,91,"1,130","6,386",,8,8,19,0,0,0,383,0,1,426,28,230,0,24,,11,2,,30,"1,715",,46,,,0,829,,250,,0,,76,80,,2,,,250,,C,3,755,2,0,,213,651,,
SVN,0,0,29,"1,635",,,0,982,59,,1,63,8,,0,C,0,0,,,0,156,102,,36,154,"2,183","2,893",,0,10,68,0,0,0,74,0,14,833,20,2,0,91,,37,1,,56,"1,041",,98,,,0,372,,169,,0,,129,91,0,2,C,403,,,C,22,214,3,0,,"4,647","1,359",0,
SLB,0,,0,0,,,0,,0,,0,0,,,0,0,,0,,,0,,0,,,0,,0,,,0,0,,0,0,0,0,,,0,,0,0,,,,,0,0,,,,,0,0,,0,,0,,0,0,,0,,,0,,-,0,0,0,0,,0,0,,
SOM,0,,0,0,,,0,,0,,0,0,,,0,0,,0,,0,0,,0,,,0,,0,,,0,0,,0,0,0,0,,,0,,0,0,,,,,0,0,,,,,0,0,,0,,0,,0,0,,0,,,0,,-,0,0,,0,,0,0,,
ZAF,0,3,"3,011",319,,6,0,344,"1,319",,4,4,"4,313",35,53,83,37,2,0,15,26,5,"1,906",0,1,301,"2,474","5,122",5,24,936,4,1,12,2,"9,395",153,7,565,"5,590",174,0,873,,1,10,,1,"20,128",1,3,"2,509",,0,"7,183",0,"4,818",4,2,0,3,177,0,2,C,,25,,C,"1,007","2,492",390,0,,"15,008","85,830",6,
SSD,0,,0,0,,,0,,0,,0,0,,,,0,,0,,,0,,0,,,,,0,,,,0,,0,0,0,0,,,0,,0,0,,,,,0,0,,,,,0,0,,0,,0,,0,0,,0,,,0,,-,0,0,,0,,0,0,,
ESP,120,3,"3,093","9,406",,69,12,"27,718","1,138",1,104,25,"5,541",17,222,"1,003",26,17,5,65,220,333,"5,372",1,90,"5,474","185,996","151,978",38,338,432,5,11,0,3,"39,599",10,124,"45,242","24,545",967,54,"1,013",0,11,63,,11,"71,488",16,373,1,"1,184",0,"53,421",0,"23,911",,35,0,5,"19,505",9,1,"4,500","3,668",233,17,,"5,411","10,016",22,18,,"60,151","98,893",140,2
LKA,0,,7,12,,12,0,,48,,0,0,31,,0,277,,0,,0,0,,96,2,,0,65,190,,,40,0,,1,1,82,0,,51,90,6,0,0,,0,,,0,"2,640",0,,1,,0,179,,0,,0,0,0,0,,0,282,,0,,-,4,25,0,0,,460,"2,638",,
KNA,0,,0,0,,,4,,0,,0,0,,,0,0,,0,,,0,,0,,,0,,0,,,0,0,,0,0,0,0,,0,0,,0,0,,,,,0,0,,,,,0,0,,0,,0,,0,0,,79,,,0,,-,0,,,0,,0,0,,
LCA,0,,0,0,,,11,,0,,1,0,,1,0,0,,0,,,0,,0,,,0,,0,,,0,0,,0,0,0,0,,,0,,0,0,,,,,0,0,,,,,0,0,,0,,0,,0,0,,0,,,0,,-,0,0,,0,,0,18,,
VCT,0,,0,1,,,4,0,0,,0,0,,,0,0,,0,,,0,,0,,,0,1,0,,,0,13,,0,0,0,0,,,0,,0,0,,0,,,0,7,,,,,0,0,,0,,0,,0,0,,0,,,0,,-,0,238,,0,,0,1,,
SDN,0,,0,0,,7,0,,0,,0,0,,,0,0,,0,,,0,,0,23,,0,,0,,,5,0,,0,0,0,0,,,0,28,0,0,49,,3,,0,0,,,,,0,0,,1,,0,,0,0,,0,C,,0,,-,0,0,,0,,6,0,,
SUR,0,,0,0,,,0,,0,,0,0,,,0,0,,0,,2,0,,0,,,0,,0,,,0,0,,0,0,0,0,,,0,8,0,0,,,,,0,0,,,,,0,0,,0,,0,,0,0,,0,,,0,,-,0,0,,0,,0,0,0,
SWZ,0,,C,0,,0,0,,0,,0,0,,,0,0,,0,0,,0,,0,,,0,,0,,,0,0,,0,0,0,0,,0,0,41,5,42,,,1,,0,7,,,0,,0,3,,3,,2,,0,0,,0,,,0,14,-,54,0,,0,,9,,,
SWE,0,2,"5,558","5,855",6,4,443,"5,073","9,794",65,8,58,"6,947",26,890,"2,699",159,26,27,32,283,166,"16,108",,190,"39,655","51,637","53,043",383,98,"5,351",67,111,0,0,"27,949","1,752",47,"5,017","48,564","4,945",111,900,0,179,5,,73,"85,296",9,156,6,0,0,"22,238",0,"37,810",,8,0,363,918,8,0,C,"1,017",238,50,"2,414",,"22,697",173,0,,"42,123","121,567",90,
CHE,2,4,"10,337","4,713",117,24,131,"3,485","2,054",,742,16,"17,362",16,57,"1,973",19,0,0,22,6,80,"4,620",88,13,"2,201","24,547","35,831",155,185,"4,762",57,78,22,5,"18,034",134,322,"6,991","24,199","4,373",286,"4,508",87,15,182,,1,"49,849",26,85,44,3,0,"28,983",0,"34,050",,48,32,47,363,1,158,C,7,109,446,"2,657","18,780",,32,1,,"71,248","333,492",19,690
SYR,0,,0,0,,,0,,0,,0,0,,,0,0,,0,,,0,,0,1,,0,,0,,,0,0,,0,0,15,0,,,0,2,0,0,86,,3,,0,0,,,,,0,0,,0,,0,,0,0,,0,,,0,,-,0,0,,0,,0,0,,
TWN,0,1,"3,075",162,,,0,285,191,,0,0,"5,709",,41,"3,804",1,0,,1,0,6,866,,,367,"2,550","1,943",,,387,0,1,13,2,"7,503",2,,400,"2,768",197,0,830,,0,0,,0,"18,334",363,,101,15,0,"5,365",0,"6,480",,0,0,C,12,,0,"18,433",2,16,12,C,"1,628","2,299",2,0,,"24,451","87,640",,
TJK,0,,0,0,,,0,,0,,0,0,,,0,0,,0,,,0,,0,,,0,,0,,,0,0,,0,0,0,0,,,0,,0,0,,,,,0,78,,,,,0,1,,0,,0,,0,0,,0,,,0,,-,0,2,,0,,0,0,,
TZA,0,,0,0,,,0,,6,,0,0,,,0,0,,0,,,1,,0,,,0,,0,,,0,0,,0,0,0,0,,,0,,0,0,,,,,0,33,,,196,,0,1,,22,,0,,0,0,,0,C,,0,0,-,0,0,,0,,116,0,,
THA,0,1,C,249,,17,0,110,124,,0,0,"2,334",,5,"3,176",29,0,,6,14,0,"1,073",,,403,878,"1,437",8,1,280,0,1,72,4,"4,355",10,1,214,"3,082",185,0,702,2,0,0,,0,"19,786",786,,328,,0,"4,119",62,"2,390",,1,88,0,0,,0,"12,059",,11,5,C,420,"1,012",,0,,"7,529","36,732",0,
TLS,0,,C,0,,,0,,0,,0,0,,,0,0,,0,,,0,,0,,,0,,0,,,0,0,,0,0,0,0,,,0,,0,0,,,,,0,1,,,,,0,0,,0,,0,,0,0,,0,C,,0,,-,0,0,,0,,0,0,,
TGO,0,,0,0,,,0,,0,,0,0,,,0,5,,0,,,1,,0,,,0,,0,,,0,0,,0,0,1,0,,,0,,0,0,,,,0,0,30,,,,,0,0,,0,,0,,0,0,,0,,,0,,-,0,0,,0,,0,0,,
TKL,0,,0,0,,,0,0,0,,0,0,,,0,0,,0,,,0,,0,,,0,,0,,,0,0,,0,0,356,0,,,0,,0,0,,,,,0,0,,,,,0,0,,0,,0,,0,0,,0,,,0,,-,0,,,0,,0,0,,
TON,0,,0,0,,,0,,0,,0,0,,,0,0,,0,,,0,,0,,,0,,0,,,0,0,,0,0,0,0,,,0,,0,0,,,,,0,0,,,,,0,0,,0,,0,,0,0,,0,,,0,,-,0,0,,0,,0,0,,
TTO,0,12,C,24,,,24,,36,,0,0,26,29,2,C,,0,,11,0,,76,,,0,0,124,,,0,0,,0,0,47,0,,6,154,,0,0,,,,,0,154,,,,,0,25,,7,,6,,0,0,,0,,,0,1,-,0,5,,0,,15,"1,160",0,
TUN,0,,C,91,,26,0,9,"1,630",,0,0,2,,0,2,,0,,,10,,12,3,,0,328,409,,0,6,0,,0,0,214,0,,148,917,106,0,0,183,,0,,0,9,0,,6,,0,70,C,0,,0,,0,0,,4,,,0,,C,0,23,,0,,267,462,,
TUR,0,2,880,"1,314",,"8,519",0,173,95,,0,46,"1,697",23,3,170,1,0,4,11,6,56,"2,171",105,40,339,"2,944","5,209",5,660,"1,899",49,0,4,10,"5,634",2,22,"1,022","6,132","2,582",0,423,"1,109",16,21,,5,"21,305",8,"13,063",79,,0,"6,642",0,"3,974",2,2,0,609,0,0,115,C,21,28,1,C,"1,415",995,1,,,"31,384","50,124",1,
TKM,0,,0,0,,,0,,0,,0,0,,,0,0,,0,,,0,,0,,,0,,0,,,0,0,,0,0,0,0,,,0,,0,0,,,,,0,0,,,,,0,0,,0,,0,,0,0,,0,,,0,,-,1,0,,0,,3,0,,
TCA,0,,0,0,,,0,0,0,,174,0,,,0,0,,0,,,0,,0,,,0,6,0,,,0,0,,0,0,0,0,,2,3,,0,0,,,,,0,9,,,,,0,0,,0,,0,,0,0,,0,,,0,,-,0,70,,0,,4,121,,
TUV,0,,0,0,,,0,,0,,0,0,,,0,0,,0,,,0,,0,,,0,,0,,,0,0,,0,0,0,0,,,0,,0,0,,,,,0,0,,,,,0,0,,0,,0,,0,0,,0,,,0,,-,0,0,,0,,0,0,,
UGA,0,,0,0,,,0,,35,,0,0,,,0,8,,0,,,0,,0,,,0,,0,,,4,0,,0,0,11,0,,,0,,0,0,,,,,0,12,,,64,,0,1,,5,,0,,0,0,,0,C,,0,4,-,0,0,0,0,,47,54,,
UKR,0,1,C,172,,1,0,2,178,,2,10,230,52,0,31,,0,,,403,0,373,,12,0,154,437,2,267,331,0,1,0,0,32,0,,195,165,19,0,20,,28,1,,3,"3,986",,,1,,0,694,,0,,0,0,67,0,,68,C,6,0,,C,180,86,,16,,"1,259","5,740",0,
ARE,0,0,65,202,,"2,693",0,171,"5,699",,1,3,323,4,1,732,26,0,,7,15,0,216,124,3,69,"1,152","1,756",6,13,743,0,0,1,2,"2,086",0,,203,813,"1,438",0,93,"3,298",,383,,2,"3,804",787,,155,,0,982,0,198,48,9,17,C,37,,27,C,,10,,C,7,"5,215","1,688",0,,"4,397",0,0,
GBR,22,24,"58,223","19,914",190,"1,516",313,"34,479","62,796",18,165,"1,293","69,977",401,"2,847","69,285","1,036",118,131,212,"8,497",654,"26,207",134,135,"20,758","230,967","222,051","4,172","32,936","36,878",140,"1,098",8,351,"364,428","17,741","4,178","67,333","215,929","43,548","3,792","8,455","1,856",199,700,,60,"226,163","1,689","2,254",426,110,5,"127,370","1,994","104,105",25,141,342,C,"12,096",284,"6,379","43,871","1,819",640,"79,375","26,958","46,955","85,057",466,130,46,,"1,128,508",164,
USA,"18,718",368,"233,137","25,581","5,381","6,458","9,635","40,352","202,338",239,"9,436",456,"528,465","18,408","51,340","78,344","1,141","11,249",401,"3,457",674,"1,929","80,739","1,537",191,"25,233","201,672","219,577",563,"1,928","38,096","1,260","1,934",326,422,"583,394","2,236","47,522","71,851","1,183,093","52,835","34,742","46,413","2,290",635,"2,518",,113,"611,911","13,581",915,"1,891","17,923",16,"351,194","8,772","220,429",8,"4,496","2,439",457,"9,200",251,"2,079","199,379","1,075","1,165","25,469","23,684","107,973","179,246","3,786",196,,"848,455",,"1,380","3,545"
URY,3,0,C,50,23,1,0,0,45,,52,0,88,,3,13,,0,8,278,0,2,222,,,0,24,449,,0,155,0,,0,0,71,0,,57,998,11,0,0,,0,0,,0,"3,848",,,,,0,398,,0,,0,,0,0,,0,C,,0,,C,0,45,,0,,110,"3,336",,55
PUQ,0,,0,0,,,0,,48,,2,0,,,0,0,,0,,,0,,0,,,0,,0,,,0,0,,0,0,0,0,,,0,,0,0,,,,,0,10,,,,,0,0,,1,,0,,0,0,,0,,,0,,-,0,0,,0,,0,0,,
VIR,0,,0,0,,,0,0,0,,25,0,,,0,17,,0,,0,0,,0,,,0,1,0,,,14,0,,0,0,141,0,1,0,694,,0,0,,,,,0,1,1,,0,,0,3,,1,,1,,0,0,,0,C,,0,3,-,13,,,0,,9,0,0,
UZB,0,,0,0,,,0,,0,,0,0,,,0,0,,0,,,0,,0,,,0,,0,,,0,0,,0,0,4,0,,,0,71,0,4,,,,,0,0,,,,,0,0,,0,,0,,0,0,,0,,,0,,-,0,0,,0,,0,0,,
VUT,0,,0,0,,,0,,0,,0,0,,,0,0,,0,,,0,,0,,,0,,0,,,0,0,,0,0,0,0,,,0,,0,0,,,,,0,0,,,,,0,0,,0,,0,,0,0,,0,,,0,,-,0,0,,0,,0,0,,
VAT,0,,0,0,,,0,,0,,0,0,,,0,0,,0,,,0,,0,,,0,,0,,,0,0,,0,0,0,0,,,0,,0,0,,,,,0,0,,,,,0,0,,0,,0,,0,0,,0,,,0,,-,0,0,,0,,0,0,,
VEN,0,2,C,220,6,6,29,53,59,1,0,0,234,6,5,35,,0,6,119,0,0,"1,103",,1,0,730,"1,736",,11,189,1,,0,0,"1,454",0,2,"1,394",608,"1,422",0,24,,4,56,,1,"5,523",,,,,0,"1,742",,0,2,180,,C,51,C,55,C,6,0,,C,0,881,,14,,"1,783","13,607",65,
VNM,0,,C,12,,0,0,14,619,,0,0,20,,0,498,,0,,,0,0,77,,,0,103,123,,,49,0,,0,2,47,0,,27,195,2,0,241,,1,0,,0,809,9,,56,,0,45,,4,,0,,0,0,,0,381,,0,,C,1,31,7,0,,832,"1,805",,
VGB,0,1,"1,624",319,,44,17,414,272,,821,0,"1,927",256,"2,033","9,159",522,10,0,"3,718",0,23,193,,7,414,"1,614","1,240",205,22,"1,606",5,11,1,91,"1,009","1,249",32,323,"3,329","1,477",0,165,12,1,104,,3,"9,998",922,,320,,0,"1,603",0,178,12,8,0,C,119,0,482,"1,832",,2,"1,039",C,132,,52,0,,"3,205","60,416",3,
WLF,0,,0,0,,,0,,0,,0,0,,,0,0,,0,,,0,,0,,,0,,0,,,0,0,,0,0,0,0,,,0,,0,0,,,,,0,0,,,,,0,0,,0,,0,,0,0,,0,,,0,,-,0,0,,0,,0,0,,
PSE,0,,0,0,,,0,,0,,0,0,,,0,0,,0,,,0,,0,,,0,,0,,,0,0,,0,0,11,0,,,0,,0,0,,,,,0,7,,,,,0,0,,0,,0,,0,0,,0,,,0,,-,0,0,,0,,0,1,,
ESH,0,,0,0,,,0,,0,,0,0,,,0,0,,0,,,0,,0,,,0,,0,,,0,0,,0,0,0,0,,,0,,0,0,,,,,0,0,,,1,,0,0,,0,,0,,0,0,,0,,,0,,-,0,,,0,,0,0,,
YEM,0,,0,0,,,0,,0,,0,0,,,0,0,,0,,,0,,2,,,0,,0,,,0,0,,0,0,0,0,,,0,,0,0,10,,0,,0,0,,,,,0,0,,0,,0,,0,0,,0,,,0,,-,0,1,,0,,0,0,,
ZMB,0,,C,0,,,0,4,0,,0,0,,,0,C,,0,,,0,,18,,,0,27,58,,,78,0,,0,0,21,0,,11,12,,0,0,,,,,0,97,,,13,,0,24,,24,,0,,0,0,,0,C,,0,46,-,0,2,,0,,202,223,,
ZWE,0,,C,0,,,0,0,774,,0,0,,,0,0,,0,,,1,,6,,,0,0,3,,0,17,0,,0,0,53,0,,,0,,0,0,,,,,0,57,,,31,,0,0,,0,,0,,0,0,,0,,,0,104,-,4,32,,0,,3,124,,
